{"cameraMode":{"drawMode":0,"name":"Shaded","section":"Shading Mode"},"sceneLighting":false,"audioPlay":false,"sceneViewState":{"showFog":true,"showMaterialUpdate":false,"showSkybox":true,"showFlares":true,"showImageEffects":true,"showParticleSystems":true},"in2DMode":false,"pivot":{"x":-397.80511474609377,"y":349.2789001464844,"z":802.3115844726563},"rotation":{"x":-0.11875607073307038,"y":0.7911171913146973,"z":-0.16269750893115998,"w":-0.5775985717773438},"size":342.801025390625,"orthographic":false}