{"cameraMode":{"drawMode":0,"name":"Shaded","section":"Shading Mode"},"sceneLighting":true,"audioPlay":false,"sceneViewState":{"showFog":true,"showMaterialUpdate":false,"showSkybox":false,"showFlares":true,"showImageEffects":true,"showParticleSystems":true},"in2DMode":false,"pivot":{"x":73.44021606445313,"y":-3.3205032348632814,"z":-0.9590492248535156},"rotation":{"x":0.026764698326587678,"y":0.6750726699829102,"z":-0.024528181180357934,"w":0.7369183897972107},"size":114.77796936035156,"orthographic":false}