{"cameraMode":{"drawMode":0,"name":"Shaded","section":"Shading Mode"},"sceneLighting":false,"audioPlay":false,"sceneViewState":{"showFog":false,"showMaterialUpdate":false,"showSkybox":true,"showFlares":false,"showImageEffects":false,"showParticleSystems":false},"in2DMode":false,"pivot":{"x":9.848151206970215,"y":-0.8636951446533203,"z":-6.684013366699219},"rotation":{"x":0.042505618184804919,"y":0.9134588837623596,"z":-0.09891553968191147,"w":0.3924383521080017},"size":34.43465805053711,"orthographic":false}