{"cameraMode":{"drawMode":0,"name":"Shaded","section":"Shading Mode"},"sceneLighting":false,"audioPlay":false,"sceneViewState":{"showFog":false,"showMaterialUpdate":false,"showSkybox":true,"showFlares":false,"showImageEffects":false,"showParticleSystems":false},"in2DMode":false,"pivot":{"x":1.140321135520935,"y":-5.60901403427124,"z":1.3125152587890626},"rotation":{"x":0.001158007886260748,"y":0.9902697205543518,"z":-0.13891540467739106,"w":0.008195088244974614},"size":44.138031005859378,"orthographic":false}