{"cameraMode":{"drawMode":0,"name":"Shaded","section":"Shading Mode"},"sceneLighting":false,"audioPlay":false,"sceneViewState":{"showFog":false,"showMaterialUpdate":false,"showSkybox":true,"showFlares":false,"showImageEffects":false,"showParticleSystems":false},"in2DMode":false,"pivot":{"x":-0.000003814697265625,"y":10.909513473510743,"z":0.6523962020874023},"rotation":{"x":0.08876208961009979,"y":0.6932733058929443,"z":-0.08666346222162247,"w":0.7099329829216003},"size":88.01203155517578,"orthographic":false}