{"cameraMode":{"drawMode":0,"name":"Shaded","section":"Shading Mode"},"sceneLighting":false,"audioPlay":false,"sceneViewState":{"showFog":false,"showMaterialUpdate":false,"showSkybox":true,"showFlares":false,"showImageEffects":false,"showParticleSystems":false},"in2DMode":false,"pivot":{"x":-0.07200050354003906,"y":-0.02500009536743164,"z":-0.07200050354003906},"rotation":{"x":0.014778157696127892,"y":0.9707992076873779,"z":-0.23127253353595735,"w":0.06199661269783974},"size":178.0009002685547,"orthographic":false}