{"cameraMode":{"drawMode":0,"name":"Shaded","section":"Shading Mode"},"sceneLighting":false,"audioPlay":false,"sceneViewState":{"showFog":false,"showMaterialUpdate":false,"showSkybox":true,"showFlares":false,"showImageEffects":false,"showParticleSystems":false},"in2DMode":false,"pivot":{"x":4.6573638916015629,"y":-10.464433670043946,"z":12.911178588867188},"rotation":{"x":0.09256762266159058,"y":0.8894621133804321,"z":-0.20766761898994447,"w":0.3964359760284424},"size":62.08913040161133,"orthographic":false}