{"cameraMode":{"drawMode":0,"name":"Shaded","section":"Shading Mode"},"sceneLighting":false,"audioPlay":false,"sceneViewState":{"showFog":false,"showMaterialUpdate":false,"showSkybox":true,"showFlares":false,"showImageEffects":false,"showParticleSystems":false},"in2DMode":false,"pivot":{"x":17.2742862701416,"y":-27.279863357543947,"z":-9.2537841796875},"rotation":{"x":0.32306572794914248,"y":0.6311182379722595,"z":-0.3260549008846283,"w":0.6253064274787903},"size":65.87456512451172,"orthographic":false}