{"cameraMode":{"drawMode":0,"name":"Shaded","section":"Shading Mode"},"sceneLighting":false,"audioPlay":false,"sceneViewState":{"showFog":false,"showMaterialUpdate":false,"showSkybox":true,"showFlares":false,"showImageEffects":false,"showParticleSystems":false},"in2DMode":false,"pivot":{"x":-79.50370788574219,"y":392.09747314453127,"z":663.2957763671875},"rotation":{"x":0.13177920877933503,"y":0.3134171664714813,"z":-0.043956924229860309,"w":0.9393997192382813},"size":318.1234436035156,"orthographic":false}