{"cameraMode":{"drawMode":0,"name":"Shaded","section":"Shading Mode"},"sceneLighting":false,"audioPlay":false,"sceneViewState":{"showFog":false,"showMaterialUpdate":false,"showSkybox":true,"showFlares":false,"showImageEffects":false,"showParticleSystems":false},"in2DMode":false,"pivot":{"x":-112.90415954589844,"y":478.9586181640625,"z":879.2986450195313},"rotation":{"x":-0.08250989019870758,"y":0.9147132635116577,"z":-0.307860791683197,"w":-0.24929127097129823},"size":7.406062126159668,"orthographic":false}