{"cameraMode":{"drawMode":0,"name":"Shaded","section":"Shading Mode"},"sceneLighting":false,"audioPlay":false,"sceneViewState":{"showFog":false,"showMaterialUpdate":false,"showSkybox":true,"showFlares":false,"showImageEffects":false,"showParticleSystems":false},"in2DMode":false,"pivot":{"x":-0.5380964279174805,"y":0.5960972309112549,"z":-0.3975428640842438},"rotation":{"x":0.07997680455446243,"y":0.7057688236236572,"z":-0.08070731908082962,"w":0.6992715001106262},"size":14.81121826171875,"orthographic":false}