{"cameraMode":{"drawMode":0,"name":"Shaded","section":"Shading Mode"},"sceneLighting":false,"audioPlay":false,"sceneViewState":{"showFog":false,"showMaterialUpdate":false,"showSkybox":true,"showFlares":false,"showImageEffects":false,"showParticleSystems":false},"in2DMode":false,"pivot":{"x":-0.02399921417236328,"y":-0.007999897003173828,"z":-0.02399921417236328},"rotation":{"x":0.014778157696127892,"y":0.9707992076873779,"z":-0.23127253353595735,"w":0.06199661269783974},"size":59.19733810424805,"orthographic":false}