{"cameraMode":{"drawMode":0,"name":"Shaded","section":"Shading Mode"},"sceneLighting":false,"audioPlay":false,"sceneViewState":{"showFog":false,"showMaterialUpdate":false,"showSkybox":true,"showFlares":false,"showImageEffects":false,"showParticleSystems":false},"in2DMode":false,"pivot":{"x":2.6903650760650636,"y":0.8971291780471802,"z":0.5992539525032044},"rotation":{"x":-0.20810219645500184,"y":-0.41686323285102847,"z":0.09864582121372223,"w":-0.8793119192123413},"size":16.19488525390625,"orthographic":false}