{"cameraMode":{"drawMode":0,"name":"Shaded","section":"Shading Mode"},"sceneLighting":false,"audioPlay":false,"sceneViewState":{"showFog":false,"showMaterialUpdate":false,"showSkybox":true,"showFlares":false,"showImageEffects":false,"showParticleSystems":false},"in2DMode":false,"pivot":{"x":0.27849894762039187,"y":-5.264679908752441,"z":4.0649566650390629},"rotation":{"x":0.6021913290023804,"y":-0.014746695756912232,"z":0.011136878281831742,"w":0.7981379628181458},"size":22.0,"orthographic":false}