{"cameraMode":{"drawMode":0,"name":"Shaded","section":"Shading Mode"},"sceneLighting":false,"audioPlay":false,"sceneViewState":{"showFog":false,"showMaterialUpdate":false,"showSkybox":false,"showFlares":false,"showImageEffects":false,"showParticleSystems":false},"in2DMode":false,"pivot":{"x":2.3485865592956545,"y":-0.27631375193595889,"z":-2.227350950241089},"rotation":{"x":0.019699595868587495,"y":0.9622140526771545,"z":-0.07070352137088776,"w":0.2631906270980835},"size":4.851047992706299,"orthographic":false}