{"cameraMode":{"drawMode":0,"name":"Shaded","section":"Shading Mode"},"sceneLighting":false,"audioPlay":false,"sceneViewState":{"showFog":false,"showMaterialUpdate":false,"showSkybox":true,"showFlares":false,"showImageEffects":false,"showParticleSystems":false},"in2DMode":false,"pivot":{"x":-0.00800013542175293,"y":-1.0060001611709595,"z":-0.02399921417236328},"rotation":{"x":0.001158007886260748,"y":0.9902697205543518,"z":-0.13891540467739106,"w":0.008195088244974614},"size":44.138031005859378,"orthographic":false}