{"cameraMode":{"drawMode":0,"name":"Shaded","section":"Shading Mode"},"sceneLighting":false,"audioPlay":false,"sceneViewState":{"showFog":false,"showMaterialUpdate":false,"showSkybox":true,"showFlares":false,"showImageEffects":false,"showParticleSystems":false},"in2DMode":false,"pivot":{"x":-0.3580612540245056,"y":-7.905832290649414,"z":-29.97005844116211},"rotation":{"x":0.00011282943160040304,"y":0.9909183382987976,"z":-0.13446301221847535,"w":0.000764019787311554},"size":35.21173095703125,"orthographic":false}